{"learner":{"attributes":{"best_iteration":"1","best_ntree_limit":"2"},"feature_names":[],"feature_types":[],"gradient_booster":{"model":{"gbtree_model_param":{"num_trees":"2","size_leaf_vector":"0"},"tree_info":[0,0],"trees":[{"base_weights":[-7.150529E-2,1.2955159E0,-1.8666193E0,1.7121772E0,-1.7004405E0,-1.9407086E0,1.8596492E0],"categories":[],"categories_nodes":[],"categories_segments":[],"categories_sizes":[],"default_left":[true,true,true,false,false,false,false],"id":0,"left_children":[1,3,5,-1,-1,-1,-1],"loss_changes":[4.000531E3,1.158212E3,1.9817383E2,0E0,0E0,0E0,0E0],"parents":[2147483647,0,0,1,1,2,2],"right_children":[2,4,6,-1,-1,-1,-1],"split_conditions":[-9.536743E-7,-9.536743E-7,-9.536743E-7,1.7121772E0,-1.7004405E0,-1.9407086E0,1.8596492E0],"split_indices":[29,56,109,0,0,0,0],"split_type":[0,0,0,0,0,0,0],"sum_hessian":[1.62825E3,9.245E2,7.0375E2,8.12E2,1.125E2,6.905E2,1.325E1],"tree_param":{"num_deleted":"0","num_feature":"127","num_nodes":"7","size_leaf_vector":"0"}},{"base_weights":[-9.3191065E-2,7.8292646E-2,-6.2362447E0,7.8471756E-1,-9.6853036E-1],"categories":[],"categories_nodes":[],"categories_segments":[],"categories_sizes":[],"default_left":[true,true,false,false,false],"id":1,"left_children":[1,3,-1,-1,-1],"loss_changes":[8.3254504E2,5.697251E2,0E0,0E0,0E0],"parents":[2147483647,0,0,1,1],"right_children":[2,4,-1,-1,-1],"split_conditions":[-9.536743E-7,-9.536743E-7,-6.2362447E0,7.8471756E-1,-9.6853036E-1],"split_indices":[60,29,0,0,0],"split_type":[0,0,0,0,0],"sum_hessian":[7.8885205E2,7.683897E2,2.0462389E1,4.5893686E2,3.0945282E2],"tree_param":{"num_deleted":"0","num_feature":"127","num_nodes":"5","size_leaf_vector":"0"}}]},"name":"gbtree"},"learner_model_param":{"base_score":"5E-1","num_class":"0","num_feature":"127"},"objective":{"name":"binary:logistic","reg_loss_param":{"scale_pos_weight":"1"}}},"version":[1,5,1]}